respondent_id,seasonal_vaccine
4757,1
4758,1
4759,1
4760,1
4761,0
4762,1
4763,0
4764,1
4765,1
4766,1
4767,0
4768,1
4769,1
4770,0
4771,0
4772,1
4773,0
4774,1
4775,1
4776,0
4777,0
4778,0
4779,0
4780,1
4781,0
4782,0
4783,1
4784,0
4785,0
4786,1
4787,1
4788,1
4789,0
4790,1
4791,0
4792,0
4793,1
4794,1
4795,0
4796,0
4797,1
4798,1
4799,0
4800,0
4801,0
4802,0
4803,0
4804,1
4805,0
4806,1
4807,0
4808,0
4809,0
4810,1
4811,1
4812,0
4813,1
4814,1
4815,0
4816,1
4817,1
4818,0
4819,1
4820,1
4821,1
4822,1
4823,1
4824,0
4825,0
4826,0
4827,1
4828,0
4829,1
4830,0
4831,0
4832,1
4833,0
4834,1
4835,1
4836,0
4837,1
4838,1
4839,0
4840,1
4841,1
4842,1
4843,1
4844,0
4845,0
4846,0
4847,0
4848,0
4849,1
4850,0
4851,1
4852,0
4853,1
4854,1
4855,1
4856,1
4857,0
4858,1
4859,1
4860,0
4861,0
4862,1
4863,0
4864,0
4865,1
4866,1
4867,0
4868,0
4869,0
4870,0
4871,1
4872,1
4873,0
4874,0
4875,1
4876,0
4877,0
4878,1
4879,1
4880,0
4881,1
4882,0
4883,1
4884,0
4885,1
4886,0
4887,1
4888,1
4889,0
4890,0
4891,1
4892,0
4893,0
4894,1
4895,0
4896,0
4897,1
4898,1
4899,1
4900,0
4901,0
4902,1
4903,0
4904,1
4905,0
4906,0
4907,1
4908,0
4909,0
4910,1
4911,1
4912,0
4913,1
4914,0
4915,1
4916,0
4917,0
4918,0
4919,0
4920,1
4921,0
4922,0
4923,0
4924,0
4925,1
4926,0
4927,1
4928,0
4929,0
4930,1
4931,1
4932,0
4933,1
4934,0
4935,1
4936,1
4937,0
4938,1
4939,0
4940,1
4941,0
4942,1
4943,1
4944,0
4945,1
4946,1
4947,1
4948,0
4949,1
4950,1
4951,0
4952,0
4953,1
4954,0
4955,0
4956,0
4957,1
4958,1
4959,0
4960,1
4961,1
4962,1
4963,1
4964,1
4965,1
4966,0
4967,0
4968,1
4969,0
4970,0
4971,1
4972,1
4973,1
4974,1
4975,0
4976,1
4977,0
4978,1
4979,0
4980,0
4981,0
4982,1
4983,0
4984,1
4985,1
4986,1
4987,0
4988,1
4989,0
4990,0
4991,1
4992,0
4993,1
4994,1
4995,1
4996,1
4997,1
4998,1
4999,1
5000,0
5001,1
5002,0
5003,1
5004,1
5005,0
5006,0
5007,1
5008,0
5009,0
5010,0
5011,1
5012,0
5013,1
5014,0
5015,0
5016,1
5017,1
5018,1
5019,0
5020,1
5021,1
5022,1
5023,1
5024,0
5025,0
5026,0
5027,1
5028,0
5029,0
5030,1
5031,0
5032,1
5033,0
5034,1
5035,0
5036,1
5037,1
5038,1
5039,1
5040,1
5041,0
5042,1
5043,1
5044,1
5045,1
5046,1
5047,1
5048,0
5049,1
5050,1
5051,1
5052,1
5053,0
5054,1
5055,1
5056,0
5057,0
5058,1
5059,1
5060,0
5061,0
5062,1
5063,0
5064,1
5065,0
5066,1
5067,1
5068,0
5069,1
5070,1
5071,1
5072,1
5073,0
5074,1
5075,1
5076,0
5077,0
5078,0
5079,1
5080,0
5081,1
5082,0
5083,1
5084,1
5085,1
5086,0
5087,0
5088,1
5089,1
5090,1
5091,0
5092,0
5093,0
5094,0
5095,1
5096,0
5097,0
5098,0
5099,0
5100,1
5101,1
5102,1
5103,0
5104,0
5105,1
5106,1
5107,1
5108,1
5109,1
5110,1
5111,1
5112,0
5113,1
5114,0
5115,0
5116,0
5117,0
5118,1
5119,1
5120,1
5121,1
5122,0
5123,1
5124,0
5125,0
5126,0
5127,0
5128,0
5129,0
5130,1
5131,1
5132,0
5133,1
5134,0
5135,1
5136,1
5137,1
5138,1
5139,1
5140,1
5141,1
5142,0
5143,0
5144,1
5145,1
5146,0
5147,1
5148,1
5149,1
5150,0
5151,0
5152,1
5153,1
5154,1
5155,0
5156,1
5157,0
5158,0
5159,1
5160,1
5161,0
5162,1
5163,1
5164,0
5165,1
5166,0
5167,0
5168,1
5169,0
5170,0
5171,0
5172,1
5173,1
5174,1
5175,1
5176,1
5177,1
5178,1
5179,1
5180,0
5181,0
5182,1
5183,0
5184,0
5185,0
5186,1
5187,1
5188,1
5189,0
5190,1
5191,1
5192,1
5193,1
5194,1
5195,1
5196,0
5197,0
5198,1
5199,0
5200,0
5201,0
5202,1
5203,1
5204,1
5205,0
5206,0
5207,0
5208,0
5209,0
5210,1
5211,0
5212,0
5213,1
5214,0
5215,1
5216,0
5217,0
5218,1
5219,0
5220,1
5221,0
5222,1
5223,0
5224,1
5225,0
5226,1
5227,0
5228,1
5229,1
5230,1
5231,0
5232,1
5233,0
5234,1
5235,0
5236,1
5237,0
5238,1
5239,0
5240,1
5241,0
5242,1
5243,1
5244,1
5245,0
5246,1
5247,0
5248,1
5249,0
5250,1
5251,1
5252,1
5253,0
5254,0
5255,1
5256,1
5257,1
5258,1
5259,0
5260,1
5261,0
5262,0
5263,1
5264,0
5265,1
5266,0
5267,0
5268,1
5269,0
5270,1
5271,1
5272,0
5273,0
5274,0
5275,0
5276,0
5277,1
5278,1
5279,0
5280,1
5281,1
5282,0
5283,1
5284,0
5285,1
5286,0
5287,1
5288,0
5289,0
5290,0
5291,1
5292,1
5293,1
5294,0
5295,0
5296,1
5297,1
5298,1
5299,0
5300,1
5301,0
5302,1
5303,1
5304,1
5305,0
5306,1
5307,1
5308,1
5309,1
5310,0
5311,0
5312,1
5313,0
5314,1
5315,0
5316,1
5317,0
5318,0
5319,1
5320,1
5321,0
5322,0
5323,0
5324,0
5325,1
5326,1
5327,0
5328,1
5329,1
5330,0
5331,1
5332,1
5333,1
5334,1
5335,0
5336,0
5337,1
5338,1
5339,1
5340,0
5341,0
5342,0
5343,0
5344,1
5345,1
5346,1
5347,0
5348,0
5349,0
5350,1
5351,1
5352,1
5353,1
5354,1
5355,1
5356,0
5357,0
5358,0
5359,1
5360,0
5361,1
5362,0
5363,1
5364,0
5365,1
5366,1
5367,0
5368,1
5369,0
5370,1
5371,0
5372,1
5373,0
5374,0
5375,1
5376,1
5377,1
5378,1
5379,1
5380,0
5381,1
5382,0
5383,1
5384,0
5385,1
5386,0
5387,1
5388,1
5389,1
5390,0
5391,0
5392,0
5393,1
5394,0
5395,1
5396,1
5397,1
5398,1
5399,1
5400,1
5401,0
5402,1
5403,0
5404,1
5405,1
5406,1
5407,1
5408,1
5409,0
5410,0
5411,0
5412,1
5413,0
5414,0
5415,0
5416,0
5417,1
5418,0
5419,1
5420,0
5421,1
5422,0
5423,1
5424,0
5425,1
5426,0
5427,0
5428,1
5429,1
5430,1
5431,1
5432,1
5433,0
5434,1
5435,1
5436,0
5437,0
5438,1
5439,0
5440,1
5441,0
5442,0
5443,0
5444,1
5445,1
5446,1
5447,1
5448,1
5449,0
5450,1
5451,0
5452,1
5453,0
5454,1
5455,1
5456,1
5457,1
5458,0
5459,1
5460,1
5461,0
5462,1
5463,1
5464,0
5465,0
5466,0
5467,0
5468,1
5469,1
5470,1
5471,1
5472,1
5473,1
5474,1
5475,1
5476,0
5477,1
5478,0
5479,0
5480,0
5481,1
5482,1
5483,0
5484,0
5485,1
5486,0
5487,1
5488,0
5489,1
5490,1
5491,0
5492,1
5493,0
5494,1
5495,0
5496,1
5497,1
5498,1
5499,1
5500,0
5501,1
5502,0
5503,1
5504,1
5505,0
5506,0
5507,0
5508,1
5509,0
5510,0
5511,1
5512,0
5513,1
5514,0
5515,1
5516,1
5517,1
5518,1
5519,1
5520,1
5521,1
5522,0
5523,0
5524,1
5525,0
5526,1
5527,0
5528,1
5529,1
5530,0
5531,0
5532,0
5533,1
5534,0
5535,1
5536,1
5537,0
5538,0
5539,0
5540,1
5541,0
5542,0
5543,1
5544,1
5545,1
5546,1
5547,0
5548,1
5549,1
5550,1
5551,0
5552,0
5553,1
5554,0
5555,1
5556,1
5557,1
5558,1
5559,0
5560,1
5561,1
5562,1
5563,0
5564,1
5565,1
5566,0
5567,1
5568,1
5569,1
5570,1
5571,0
5572,1
5573,1
5574,1
5575,1
5576,1
5577,0
5578,0
5579,0
5580,1
5581,1
5582,1
5583,1
5584,0
5585,1
5586,1
5587,0
5588,1
5589,0
5590,1
5591,0
5592,0
5593,1
5594,0
5595,1
5596,1
5597,1
5598,1
5599,1
5600,1
5601,0
5602,1
5603,0
5604,0
5605,1
5606,0
5607,1
5608,0
5609,1
5610,0
5611,0
5612,1
5613,0
5614,1
5615,1
5616,1
5617,1
5618,0
5619,0
5620,0
5621,1
5622,1
5623,1
5624,0
5625,1
5626,1
5627,1
5628,0
5629,0
5630,1
5631,0
5632,1
5633,1
5634,1
5635,1
5636,0
5637,0
5638,0
5639,1
5640,1
5641,0
5642,1
5643,0
5644,1
5645,0
5646,0
5647,1
5648,1
5649,0
5650,0
5651,1
5652,0
5653,1
5654,1
5655,0
5656,0
5657,0
5658,0
5659,1
5660,1
5661,1
5662,0
5663,1
5664,1
5665,1
5666,1
5667,0
5668,0
5669,1
5670,1
5671,1
5672,1
5673,1
5674,0
5675,1
5676,1
5677,0
5678,1
5679,1
5680,0
5681,1
5682,0
5683,1
5684,1
5685,1
5686,1
5687,1
5688,0
5689,1
5690,0
5691,0
5692,0
5693,0
5694,1
5695,0
5696,1
5697,0
5698,1
5699,1
5700,1
5701,0
5702,0
5703,0
5704,1
5705,0
5706,1
5707,0
5708,0
5709,0
5710,1
5711,0
5712,1
5713,1
5714,1
5715,1
5716,0
5717,1
5718,0
5719,0
5720,1
5721,1
5722,1
5723,0
5724,1
5725,0
5726,0
5727,1
5728,1
5729,1
5730,1
5731,0
5732,1
5733,0
5734,0
5735,1
5736,1
5737,1
5738,1
5739,0
5740,0
5741,0
5742,0
5743,1
5744,0
5745,1
5746,0
5747,1
5748,0
5749,1
5750,1
5751,0
5752,0
5753,0
5754,1
5755,1
5756,1
5757,1
5758,1
5759,0
5760,0
5761,0
5762,1
5763,1
5764,1
5765,0
5766,1
5767,0
5768,1
5769,1
5770,1
5771,1
5772,0
5773,0
5774,0
5775,0
5776,0
5777,1
5778,0
5779,1
5780,0
5781,1
5782,0
5783,0
5784,0
5785,1
5786,1
5787,1
5788,1
5789,1
5790,0
5791,1
5792,1
5793,1
5794,1
5795,0
5796,0
5797,1
5798,0
5799,1
5800,1
5801,0
5802,0
5803,1
5804,0
5805,1
5806,0
5807,1
5808,1
5809,0
5810,1
5811,0
5812,1
5813,1
5814,0
5815,0
5816,1
5817,0
5818,0
5819,0
5820,1
5821,1
5822,1
5823,1
5824,0
5825,1
5826,1
5827,1
5828,0
5829,0
5830,0
5831,0
5832,1
5833,0
5834,0
5835,1
5836,1
5837,0
5838,0
5839,1
5840,1
5841,0
5842,1
5843,0
5844,0
5845,1
5846,1
5847,0
5848,0
5849,0
5850,1
5851,0
5852,1
5853,1
5854,1
5855,1
5856,0
5857,1
5858,1
5859,1
5860,1
5861,0
5862,1
5863,0
5864,1
5865,0
5866,0
5867,1
5868,0
5869,0
5870,1
5871,0
5872,1
5873,0
5874,0
5875,1
5876,0
5877,1
5878,1
5879,1
5880,0
5881,1
5882,1
5883,0
5884,1
5885,1
5886,1
5887,1
5888,0
5889,1
5890,1
5891,1
5892,1
5893,0
5894,0
5895,0
5896,0
5897,0
5898,1
5899,1
5900,1
5901,0
5902,1
5903,0
5904,1
5905,1
5906,0
5907,1
5908,1
5909,1
5910,0
5911,1
5912,0
5913,1
5914,1
5915,0
5916,0
5917,1
5918,1
5919,0
5920,0
5921,1
5922,1
5923,0
5924,1
5925,0
5926,0
5927,1
5928,1
5929,1
5930,0
5931,1
5932,1
5933,1
5934,0
5935,1
5936,1
5937,1
5938,1
5939,1
5940,1
5941,1
5942,1
5943,1
5944,0
5945,1
5946,0
5947,1
5948,1
5949,0
5950,1
5951,0
5952,1
5953,1
5954,0
5955,0
5956,1
5957,1
5958,0
5959,0
5960,1
5961,1
5962,1
5963,1
5964,1
5965,1
5966,1
5967,0
5968,1
5969,1
5970,0
5971,1
5972,1
5973,1
5974,1
5975,1
5976,0
5977,0
5978,0
5979,1
5980,0
5981,1
5982,1
5983,1
5984,0
5985,0
5986,0
5987,1
5988,1
5989,0
5990,1
5991,0
5992,1
5993,1
5994,1
5995,0
5996,0
5997,1
5998,0
5999,1
6000,0
6001,1
6002,0
6003,0
6004,0
6005,0
6006,1
6007,0
6008,0
6009,1
6010,1
6011,1
6012,0
6013,0
6014,0
6015,1
6016,0
6017,0
6018,1
6019,1
6020,0
6021,1
6022,1
6023,1
6024,1
6025,1
6026,1
6027,0
6028,1
6029,1
6030,0
6031,0
6032,1
6033,1
6034,1
6035,0
6036,1
6037,0
6038,1
6039,1
6040,0
6041,1
6042,1
6043,0
6044,1
6045,0
6046,0
6047,1
6048,1
6049,1
6050,1
6051,1
6052,1
6053,1
6054,1
6055,0
6056,0
6057,0
6058,0
6059,1
6060,1
6061,1
6062,1
6063,0
6064,1
6065,1
6066,1
6067,0
6068,1
6069,1
6070,0
6071,0
6072,1
6073,0
6074,1
6075,1
6076,0
6077,1
6078,0
6079,1
6080,1
6081,0
6082,0
6083,1
6084,0
6085,0
6086,1
6087,0
6088,0
6089,1
6090,0
6091,0
6092,0
6093,0
6094,0
6095,0
6096,0
6097,1
6098,1
6099,1
6100,1
6101,1
6102,1
6103,0
6104,1
6105,0
6106,1
6107,0
6108,1
6109,1
6110,1
6111,1
6112,0
6113,0
6114,1
6115,1
6116,1
6117,0
6118,0
6119,1
6120,0
6121,0
6122,1
6123,0
6124,0
6125,0
6126,1
6127,1
6128,0
6129,1
6130,0
6131,0
6132,0
6133,1
6134,1
6135,1
6136,1
6137,1
6138,0
6139,1
6140,0
6141,0
6142,1
6143,0
6144,0
6145,0
6146,0
6147,1
6148,1
6149,0
6150,1
6151,0
6152,1
6153,1
6154,1
6155,0
6156,1
6157,0
6158,0
6159,1
6160,1
6161,1
6162,0
6163,0
6164,1
6165,1
6166,0
6167,0
6168,0
6169,1
6170,0
6171,1
6172,0
6173,0
6174,1
6175,1
6176,1
6177,1
6178,0
6179,0
6180,1
6181,1
6182,0
6183,0
6184,1
6185,0
6186,1
6187,1
6188,0
6189,0
6190,1
6191,1
6192,0
6193,0
6194,0
6195,1
6196,0
6197,0
6198,1
6199,0
6200,1
6201,1
6202,0
6203,1
6204,0
6205,0
6206,1
6207,0
6208,1
6209,1
6210,1
6211,1
6212,0
6213,0
6214,0
6215,1
6216,1
6217,1
6218,1
6219,1
6220,0
6221,1
6222,1
6223,1
6224,0
6225,0
6226,1
6227,1
6228,1
6229,1
6230,0
6231,0
6232,1
6233,0
6234,0
6235,0
6236,0
6237,0
6238,0
6239,0
6240,0
6241,1
6242,0
6243,1
6244,1
6245,1
6246,0
6247,1
6248,0
6249,0
6250,0
6251,1
6252,1
6253,1
6254,0
6255,0
6256,0
6257,1
6258,1
6259,1
6260,0
6261,0
6262,1
6263,1
6264,0
6265,0
6266,1
6267,1
6268,1
6269,1
6270,0
6271,0
6272,0
6273,1
6274,1
6275,1
6276,0
6277,0
6278,1
6279,0
6280,0
6281,1
6282,1
6283,1
6284,0
6285,1
6286,1
6287,1
6288,1
6289,1
6290,1
6291,1
6292,0
6293,0
6294,1
6295,0
6296,0
6297,0
6298,1
6299,1
6300,0
6301,1
6302,0
6303,1
6304,1
6305,0
6306,0
6307,0
6308,1
6309,0
6310,0
6311,0
6312,1
6313,0
6314,0
6315,0
6316,0
6317,0
6318,1
6319,1
6320,1
6321,1
6322,1
6323,1
6324,1
6325,1
6326,1
6327,0
6328,1
6329,0
6330,0
6331,0
6332,1
6333,1
6334,1
6335,1
6336,0
6337,1
6338,0
6339,1
6340,1
6341,1
6342,1
6343,1
6344,0
6345,1
6346,0
6347,1
6348,1
6349,1
6350,1
6351,1
6352,1
6353,1
6354,1
6355,0
6356,0
6357,1
6358,1
6359,0
6360,1
6361,0
6362,1
6363,1
6364,0
6365,0
6366,1
6367,1
6368,0
6369,1
6370,1
6371,0
6372,0
6373,1
6374,1
6375,0
6376,1
6377,0
6378,1
6379,0
6380,1
6381,1
6382,1
6383,1
6384,0
6385,1
6386,0
6387,0
6388,1
6389,0
6390,0
6391,1
6392,1
6393,1
6394,1
6395,1
6396,0
6397,1
6398,0
6399,0
6400,1
6401,0
6402,1
6403,1
6404,0
6405,1
6406,0
6407,0
6408,0
6409,1
6410,0
6411,1
6412,0
6413,1
6414,0
6415,0
6416,0
6417,1
6418,0
6419,1
6420,1
6421,1
6422,1
6423,1
6424,0
6425,0
6426,1
6427,1
6428,1
6429,1
6430,1
6431,1
6432,1
6433,1
6434,1
6435,1
6436,1
6437,1
6438,0
6439,1
6440,0
6441,0
6442,1
6443,0
6444,0
6445,1
6446,1
6447,1
6448,1
6449,0
6450,0
6451,1
6452,0
6453,1
6454,1
6455,1
6456,0
6457,0
6458,0
6459,1
6460,1
6461,1
6462,1
6463,1
6464,1
6465,1
6466,1
6467,1
6468,0
6469,0
6470,0
6471,1
6472,0
6473,0
6474,0
6475,1
6476,1
6477,1
6478,1
6479,1
6480,1
6481,0
6482,0
6483,0
6484,1
6485,0
6486,1
6487,1
6488,0
6489,1
6490,1
6491,1
6492,0
6493,0
6494,1
6495,0
6496,0
6497,0
6498,1
6499,0
6500,1
6501,1
6502,1
6503,1
6504,1
6505,1
6506,0
6507,0
6508,0
6509,0
6510,0
6511,0
6512,1
6513,0
6514,1
6515,0
6516,0
6517,1
6518,1
6519,0
6520,1
6521,1
6522,1
6523,1
6524,1
6525,1
6526,0
6527,1
6528,1
6529,0
6530,1
6531,0
6532,1
6533,0
6534,1
6535,0
6536,1
6537,1
6538,0
6539,0
6540,1
6541,1
6542,1
6543,1
6544,1
6545,0
6546,1
6547,1
6548,0
6549,0
6550,1
6551,1
6552,1
6553,1
6554,1
6555,1
6556,1
6557,1
6558,1
6559,0
6560,0
6561,0
6562,1
6563,1
6564,1
6565,0
6566,1
6567,1
6568,1
6569,0
6570,0
6571,0
6572,1
6573,0
6574,1
6575,1
6576,1
6577,1
6578,1
6579,1
6580,1
6581,1
6582,0
6583,0
6584,0
6585,1
6586,0
6587,0
6588,0
6589,0
6590,0
6591,1
6592,0
6593,0
6594,0
6595,0
6596,0
6597,1
6598,0
6599,1
6600,0
6601,1
6602,1
6603,0
6604,0
6605,0
6606,0
6607,0
6608,0
6609,0
6610,0
6611,1
6612,1
6613,0
6614,1
6615,0
6616,1
6617,1
6618,1
6619,1
6620,0
6621,1
6622,1
6623,1
6624,1
6625,1
6626,1
6627,1
6628,0
6629,0
6630,1
6631,0
6632,1
6633,1
6634,0
6635,1
6636,1
6637,0
6638,1
6639,1
6640,0
6641,0
6642,1
6643,1
6644,1
6645,1
6646,1
6647,0
6648,0
6649,0
6650,0
6651,0
6652,0
6653,1
6654,1
6655,1
6656,1
6657,0
6658,1
6659,0
6660,1
6661,1
6662,0
6663,0
6664,1
6665,1
6666,0
6667,0
6668,1
6669,0
6670,0
6671,0
6672,1
6673,0
6674,0
6675,1
6676,0
6677,0
6678,1
6679,0
6680,1
6681,0
6682,1
6683,1
6684,1
6685,0
6686,0
6687,0
6688,0
6689,0
6690,0
6691,1
6692,0
6693,1
6694,1
6695,1
6696,0
6697,1
6698,0
6699,1
6700,1
6701,1
6702,1
6703,0
6704,0
6705,0
6706,0
6707,0
6708,0
6709,1
6710,0
6711,1
6712,0
6713,1
6714,0
6715,0
6716,1
6717,0
6718,0
6719,0
6720,1
6721,1
6722,1
6723,1
6724,0
6725,1
6726,0
6727,1
6728,1
6729,1
6730,1
6731,1
6732,0
6733,0
6734,0
6735,0
6736,0
6737,1
6738,0
6739,0
6740,1
6741,0
6742,1
6743,1
6744,0
6745,1
6746,0
6747,0
6748,1
6749,1
6750,1
6751,1
6752,1
6753,1
6754,0
6755,0
6756,1
6757,1
6758,0
6759,1
6760,1
6761,0
6762,1
6763,0
6764,1
6765,1
6766,1
6767,1
6768,0
6769,1
6770,1
6771,0
6772,0
6773,1
6774,1
6775,0
6776,0
6777,1
6778,1
6779,0
6780,1
6781,1
6782,0
6783,0
6784,1
6785,1
6786,0
6787,1
6788,1
6789,0
6790,1
6791,0
6792,0
6793,1
6794,1
6795,1
6796,1
6797,1
6798,0
6799,0
6800,1
6801,0
6802,0
6803,0
6804,0
6805,1
6806,0
6807,0
6808,0
6809,0
6810,0
6811,0
6812,0
6813,0
6814,1
6815,0
6816,0
6817,1
6818,1
6819,1
6820,1
6821,1
6822,1
6823,0
6824,1
6825,1
6826,0
6827,0
6828,0
6829,0
6830,1
6831,1
6832,0
6833,1
6834,0
6835,1
6836,1
6837,1
6838,1
6839,0
6840,1
6841,1
6842,0
6843,0
6844,0
6845,1
6846,0
6847,1
6848,1
6849,0
6850,1
6851,0
6852,1
6853,0
6854,1
6855,1
6856,0
6857,0
6858,1
6859,1
6860,1
6861,0
6862,1
6863,1
6864,0
6865,1
6866,0
6867,1
6868,1
6869,1
6870,0
6871,1
6872,1
6873,0
6874,0
6875,1
6876,0
6877,0
6878,1
6879,0
6880,1
6881,0
6882,1
6883,0
6884,1
6885,1
6886,1
6887,1
6888,0
6889,0
6890,0
6891,1
6892,1
6893,1
6894,0
6895,0
6896,0
6897,0
6898,0
6899,1
6900,0
6901,1
6902,0
6903,1
6904,0
6905,1
6906,1
6907,0
6908,1
6909,0
6910,1
6911,0
6912,1
6913,0
6914,0
6915,0
6916,1
6917,1
6918,0
6919,0
6920,0
6921,1
6922,1
6923,0
6924,1
6925,1
6926,1
6927,1
6928,0
6929,0
6930,1
6931,1
6932,1
6933,1
6934,0
6935,0
6936,1
6937,0
6938,0
6939,1
6940,1
6941,1
6942,0
6943,0
6944,0
6945,1
6946,1
6947,0
6948,1
6949,0
6950,1
6951,1
6952,1
6953,1
6954,0
6955,1
6956,1
6957,1
6958,0
6959,1
6960,1
6961,0
6962,1
6963,0
6964,0
6965,0
6966,1
6967,0
6968,1
6969,1
6970,1
6971,1
6972,1
6973,0
6974,1
6975,1
6976,1
6977,0
6978,0
6979,0
6980,1
6981,1
6982,1
6983,0
6984,1
6985,0
6986,0
6987,0
6988,1
6989,1
6990,1
6991,0
6992,1
6993,0
6994,0
6995,0
6996,0
6997,0
6998,0
6999,1
7000,1
7001,0
7002,1
7003,0
7004,0
7005,0
7006,1
7007,1
7008,1
7009,1
7010,1
7011,0
7012,1
7013,0
7014,0
7015,1
7016,1
7017,0
7018,0
7019,0
7020,1
7021,1
7022,1
7023,1
7024,0
7025,1
7026,0
7027,0
7028,1
7029,0
7030,1
7031,1
7032,0
7033,0
7034,1
7035,1
7036,1
7037,1
7038,0
7039,1
7040,1
7041,0
7042,0
7043,1
7044,0
7045,1
7046,1
7047,0
7048,1
7049,1
7050,1
7051,1
7052,1
7053,1
7054,1
7055,0
7056,0
7057,0
7058,1
7059,1
7060,0
7061,1
7062,1
7063,1
7064,1
7065,1
7066,1
7067,1
7068,1
7069,0
7070,1
7071,1
7072,1
7073,1
7074,1
7075,0
7076,0
7077,1
7078,0
7079,1
7080,1
7081,1
7082,0
7083,1
7084,1
7085,1
7086,0
7087,0
7088,1
7089,0
7090,1
7091,1
7092,1
7093,1
7094,1
7095,0
7096,0
7097,0
7098,0
7099,1
7100,1
7101,1
7102,1
7103,1
7104,1
7105,1
7106,0
7107,1
7108,1
7109,1
7110,0
7111,1
7112,1
7113,0
7114,0
7115,0
7116,0
7117,0
7118,1
7119,0
7120,0
7121,0
7122,1
7123,1
7124,1
7125,0
7126,0
7127,1
7128,0
7129,0
7130,0
7131,1
7132,1
7133,1
7134,1
7135,0
7136,0
7137,1
7138,0
7139,1
7140,0
7141,1
7142,0
7143,1
7144,1
7145,0
7146,1
7147,1
7148,1
7149,1
7150,1
7151,1
7152,0
7153,0
7154,0
7155,0
7156,0
7157,0
7158,0
7159,1
7160,1
7161,1
7162,1
7163,1
7164,1
7165,0
7166,1
7167,0
7168,1
7169,0
7170,1
7171,0
7172,1
7173,1
7174,1
7175,1
7176,0
7177,1
7178,0
7179,0
7180,1
7181,1
7182,1
7183,0
7184,1
7185,1
7186,1
7187,0
7188,0
7189,1
7190,1
7191,1
7192,1
7193,0
7194,0
7195,0
7196,1
7197,1
7198,0
7199,1
7200,1
7201,1
7202,1
7203,1
7204,1
7205,0
7206,0
7207,0
7208,0
7209,1
7210,0
7211,1
7212,1
7213,1
7214,0
7215,0
7216,1
7217,1
7218,0
7219,1
7220,0
7221,0
7222,1
7223,1
7224,0
7225,0
7226,1
7227,0
7228,0
7229,1
7230,0
7231,0
7232,1
7233,1
7234,1
7235,1
7236,1
7237,1
7238,1
7239,1
7240,1
7241,1
7242,0
7243,1
7244,1
7245,1
7246,1
7247,0
7248,1
7249,0
7250,1
7251,0
7252,1
7253,1
7254,1
7255,0
7256,0
7257,0
7258,0
7259,1
7260,1
7261,0
7262,1
7263,1
7264,1
7265,1
7266,1
7267,0
7268,0
7269,0
7270,0
7271,1
7272,1
7273,0
7274,1
7275,0
7276,0
7277,1
7278,1
7279,1
7280,0
7281,1
7282,0
7283,0
7284,0
7285,0
7286,0
7287,1
7288,1
7289,1
7290,1
7291,1
7292,0
7293,1
7294,0
7295,0
7296,1
7297,1
7298,1
7299,0
7300,1
7301,1
7302,1
7303,0
7304,1
7305,1
7306,1
7307,0
7308,0
7309,1
7310,1
7311,1
7312,1
7313,0
7314,1
7315,1
7316,0
7317,1
7318,0
7319,1
7320,0
7321,1
7322,0
7323,0
7324,1
7325,0
7326,1
7327,0
7328,0
7329,1
7330,0
7331,0
7332,0
7333,1
7334,1
7335,0
7336,1
7337,1
7338,1
7339,1
7340,1
7341,1
7342,1
7343,1
7344,1
7345,0
7346,1
7347,0
7348,1
7349,1
7350,1
7351,1
7352,1
7353,1
7354,1
7355,1
7356,1
7357,1
7358,0
7359,1
7360,1
7361,0
7362,0
7363,0
7364,1
7365,1
7366,0
7367,0
7368,1
7369,0
7370,0
7371,1
7372,1
7373,1
7374,1
7375,0
7376,1
7377,0
7378,1
7379,1
7380,1
7381,0
7382,0
7383,1
7384,0
7385,1
7386,1
7387,0
7388,0
7389,1
7390,1
7391,1
7392,1
7393,0
7394,0
7395,1
7396,0
7397,0
7398,1
7399,0
7400,0
7401,1
7402,1
7403,0
7404,1
7405,1
7406,0
7407,1
7408,1
7409,1
7410,1
7411,1
7412,1
7413,0
7414,0
7415,1
7416,1
7417,0
7418,1
7419,1
7420,1
7421,1
7422,1
7423,1
7424,0
7425,1
7426,1
7427,0
7428,1
7429,1
7430,1
7431,1
7432,1
7433,0
7434,1
7435,1
7436,1
7437,1
7438,0
7439,1
7440,0
7441,0
7442,1
7443,1
7444,1
7445,1
7446,1
7447,1
7448,1
7449,0
7450,1
7451,0
7452,1
7453,0
7454,1
7455,1
7456,1
7457,0
7458,1
7459,1
7460,0
7461,0
7462,1
7463,1
7464,0
7465,1
7466,0
7467,1
7468,1
7469,1
7470,1
7471,0
7472,0
7473,1
7474,0
7475,1
7476,1
7477,1
7478,1
7479,1
7480,1
7481,0
7482,0
7483,0
7484,1
7485,0
7486,1
7487,0
7488,1
7489,0
7490,1
7491,0
7492,0
7493,0
7494,1
7495,0
7496,1
7497,1
7498,0
7499,1
7500,0
7501,1
7502,0
7503,1
7504,0
7505,0
7506,1
7507,1
7508,1
7509,0
7510,1
7511,1
7512,1
7513,1
7514,1
7515,1
7516,0
7517,1
7518,1
7519,1
7520,1
7521,1
7522,0
7523,1
7524,1
7525,0
7526,0
7527,0
7528,0
7529,0
7530,1
7531,0
7532,0
7533,1
7534,0
7535,0
7536,1
7537,1
7538,1
7539,1
7540,1
7541,0
7542,0
7543,1
7544,1
7545,1
7546,1
7547,1
7548,1
7549,0
7550,1
7551,0
7552,0
7553,0
7554,0
7555,0
7556,1
7557,0
7558,0
7559,0
7560,1
7561,0
7562,1
7563,0
7564,0
7565,1
7566,1
7567,1
7568,1
7569,1
7570,0
7571,1
7572,0
7573,0
7574,0
7575,1
7576,1
7577,0
7578,1
7579,1
7580,0
7581,0
7582,1
7583,0
7584,1
7585,1
7586,1
7587,0
7588,1
7589,1
7590,0
7591,1
7592,1
7593,1
7594,0
7595,1
7596,1
7597,1
7598,1
7599,1
7600,0
7601,1
7602,0
7603,1
7604,1
7605,0
7606,1
7607,1
7608,0
7609,1
7610,0
7611,1
7612,1
7613,1
7614,1
7615,1
7616,0
7617,1
7618,1
7619,1
7620,0
7621,1
7622,1
7623,1
7624,0
7625,1
7626,1
7627,1
7628,0
7629,1
7630,1
7631,1
7632,1
7633,1
7634,1
7635,1
7636,1
7637,1
7638,1
7639,1
7640,1
7641,1
7642,1
7643,0
7644,1
7645,1
7646,1
7647,0
7648,1
7649,1
7650,0
7651,0
7652,0
7653,0
7654,0
7655,0
7656,0
7657,1
7658,1
7659,1
7660,1
7661,1
7662,0
7663,0
7664,0
7665,1
7666,1
7667,0
7668,1
7669,1
7670,1
7671,0
7672,1
7673,1
7674,1
7675,1
7676,0
7677,1
7678,0
7679,1
7680,0
7681,0
7682,1
7683,0
7684,0
7685,0
7686,1
7687,1
7688,1
7689,1
7690,0
7691,0
7692,1
7693,0
7694,0
7695,0
7696,1
7697,0
7698,1
7699,1
7700,1
7701,0
7702,1
7703,1
7704,1
7705,1
7706,0
7707,0
7708,0
7709,0
7710,1
7711,1
7712,0
7713,0
7714,0
7715,1
7716,1
7717,0
7718,1
7719,1
7720,0
7721,1
7722,1
7723,0
7724,1
7725,1
7726,0
7727,0
7728,1
7729,0
7730,1
7731,0
7732,0
7733,1
7734,1
7735,1
7736,1
7737,0
7738,0
7739,1
7740,0
7741,0
7742,0
7743,1
7744,0
7745,1
7746,0
7747,0
7748,1
7749,0
7750,0
7751,0
7752,0
7753,1
7754,0
7755,1
7756,0
7757,1
7758,0
7759,1
7760,0
7761,0
7762,1
7763,0
7764,1
7765,1
7766,1
7767,0
7768,0
7769,1
7770,0
7771,0
7772,1
7773,1
7774,1
7775,1
7776,0
7777,0
7778,1
7779,0
7780,0
7781,0
7782,1
7783,0
7784,0
7785,0
7786,1
7787,0
7788,0
7789,1
7790,1
7791,1
7792,1
7793,0
7794,1
7795,0
7796,1
7797,0
7798,0
7799,0
7800,0
7801,0
7802,0
7803,0
7804,0
7805,1
7806,0
7807,0
7808,0
7809,1
7810,1
7811,1
7812,0
7813,1
7814,1
7815,1
7816,0
7817,0
7818,1
7819,1
7820,1
7821,1
7822,1
7823,1
7824,1
7825,0
7826,1
7827,0
7828,1
7829,1
7830,1
7831,1
7832,0
7833,1
7834,1
7835,0
7836,1
7837,1
7838,1
7839,0
7840,0
7841,1
7842,1
7843,1
7844,1
7845,0
7846,1
7847,1
7848,1
7849,0
7850,0
7851,1
7852,1
7853,0
7854,1
7855,0
7856,0
7857,1
7858,0
7859,1
7860,1
7861,0
7862,1
7863,1
7864,1
7865,1
7866,1
7867,1
7868,1
7869,1
7870,1
7871,1
7872,1
7873,0
7874,0
7875,0
7876,1
7877,1
7878,0
7879,1
7880,1
7881,0
7882,1
7883,1
7884,0
7885,1
7886,1
7887,1
7888,1
7889,1
7890,1
7891,0
7892,0
7893,1
7894,0
7895,0
7896,1
7897,0
7898,1
7899,0
7900,0
7901,0
7902,0
7903,0
7904,1
7905,0
7906,0
7907,0
7908,0
7909,1
7910,0
7911,0
7912,1
7913,1
7914,0
7915,0
7916,0
7917,1
7918,1
7919,1
7920,0
7921,0
7922,1
7923,1
7924,0
7925,1
7926,0
7927,0
7928,0
7929,1
7930,1
7931,1
7932,0
7933,0
7934,1
7935,0
7936,0
7937,1
7938,0
7939,1
7940,0
7941,1
7942,0
7943,1
7944,1
7945,1
7946,1
7947,1
7948,1
7949,0
7950,0
7951,0
7952,1
7953,1
7954,1
7955,1
7956,0
7957,1
7958,1
7959,0
7960,1
7961,1
7962,0
7963,0
7964,0
7965,0
7966,0
7967,1
7968,1
7969,0
7970,0
7971,1
7972,1
7973,0
7974,0
7975,0
7976,0
7977,1
7978,1
7979,1
7980,1
7981,1
7982,0
7983,0
7984,1
7985,0
7986,0
7987,0
7988,0
7989,0
7990,0
7991,0
7992,1
7993,1
7994,1
7995,1
7996,0
7997,0
7998,1
7999,1
8000,0
8001,1
8002,0
8003,1
8004,0
8005,0
8006,0
8007,0
8008,0
8009,1
8010,1
8011,1
8012,1
8013,1
8014,1
8015,0
8016,1
8017,1
8018,1
8019,0
8020,1
8021,0
8022,1
8023,0
8024,1
8025,0
8026,1
8027,1
8028,1
8029,1
8030,0
8031,1
8032,1
8033,1
8034,1
8035,1
8036,1
8037,0
8038,1
8039,1
8040,0
8041,0
8042,0
8043,1
8044,1
8045,0
8046,1
8047,0
8048,0
8049,0
8050,0
8051,1
8052,1
8053,1
8054,0
8055,0
8056,0
8057,0
8058,1
8059,0
8060,1
8061,1
8062,1
8063,0
8064,1
8065,1
8066,1
8067,1
8068,0
8069,0
8070,1
8071,1
8072,1
8073,0
8074,1
8075,1
8076,1
8077,0
8078,0
8079,1
8080,1
8081,0
8082,0
8083,1
8084,1
8085,0
8086,1
8087,0
8088,1
8089,0
8090,1
8091,1
8092,0
8093,1
8094,0
8095,1
8096,0
8097,1
8098,1
8099,1
8100,1
8101,0
8102,1
8103,0
8104,0
8105,0
8106,0
8107,1
8108,1
8109,1
8110,1
8111,1
8112,1
8113,0
8114,1
8115,0
8116,1
8117,0
8118,0
8119,1
8120,1
8121,1
8122,1
8123,0
8124,0
8125,1
8126,1
8127,1
8128,0
8129,0
8130,1
8131,1
8132,0
8133,0
8134,1
8135,0
8136,1
8137,1
8138,0
8139,0
8140,0
8141,1
8142,1
8143,1
8144,0
8145,0
8146,1
8147,0
8148,0
8149,1
8150,1
8151,0
8152,0
8153,1
8154,0
8155,1
8156,0
8157,0
8158,1
8159,0
8160,0
8161,0
8162,1
8163,1
8164,1
8165,1
8166,1
8167,1
8168,0
8169,0
8170,0
8171,0
8172,1
8173,0
8174,0
8175,0
8176,0
8177,1
8178,1
8179,0
8180,1
8181,1
8182,0
8183,1
8184,1
8185,0
8186,1
8187,1
8188,1
8189,1
8190,0
8191,0
8192,0
8193,0
8194,1
8195,0
8196,1
8197,0
8198,1
8199,1
8200,0
8201,0
8202,1
8203,0
8204,0
8205,0
8206,0
8207,1
8208,1
8209,1
8210,0
8211,1
8212,0
8213,1
8214,0
8215,1
8216,1
8217,1
8218,1
8219,1
8220,1
8221,1
8222,1
8223,1
8224,1
8225,1
8226,1
8227,0
8228,0
8229,0
8230,0
8231,0
8232,1
8233,0
8234,1
8235,1
8236,0
8237,1
8238,1
8239,0
8240,0
8241,1
8242,0
8243,1
8244,0
8245,0
8246,0
8247,1
8248,0
8249,1
8250,0
8251,0
8252,1
8253,1
8254,0
8255,0
8256,1
8257,1
8258,1
8259,0
8260,0
8261,0
8262,1
8263,1
8264,1
8265,1
8266,0
8267,0
8268,1
8269,1
8270,1
8271,1
8272,0
8273,0
8274,1
8275,0
8276,1
8277,0
8278,0
8279,0
8280,1
8281,1
8282,0
8283,1
8284,0
8285,0
8286,0
8287,1
8288,1
8289,1
8290,0
8291,1
8292,0
8293,0
8294,0
8295,1
8296,0
8297,1
8298,1
8299,0
8300,0
8301,0
8302,1
8303,0
8304,1
8305,1
8306,0
8307,0
8308,1
8309,1
8310,0
8311,1
8312,1
8313,1
8314,0
8315,1
8316,1
8317,0
8318,1
8319,1
8320,0
8321,1
8322,0
8323,0
8324,1
8325,1
8326,1
8327,1
8328,1
8329,1
8330,1
8331,1
8332,1
8333,1
8334,1
8335,0
8336,0
8337,0
8338,1
8339,1
8340,1
8341,1
8342,0
8343,0
8344,0
8345,1
8346,1
8347,1
8348,1
8349,0
8350,1
8351,0
8352,0
8353,1
8354,0
8355,0
8356,0
8357,1
8358,1
8359,0
8360,1
8361,1
8362,1
8363,1
8364,1
8365,0
8366,1
8367,1
8368,1
8369,1
8370,0
8371,1
8372,1
8373,1
8374,1
8375,0
8376,0
8377,1
8378,1
8379,1
8380,1
8381,1
8382,1
8383,1
8384,0
8385,1
8386,1
8387,0
8388,0
8389,1
8390,0
8391,0
8392,1
8393,0
8394,0
8395,0
8396,0
8397,1
8398,1
8399,1
8400,0
8401,1
8402,1
8403,1
8404,0
8405,1
8406,1
8407,0
8408,1
8409,0
8410,1
8411,0
8412,0
8413,1
8414,0
8415,1
8416,1
8417,0
8418,0
8419,0
8420,1
8421,0
8422,1
8423,1
8424,0
8425,0
8426,1
8427,0
8428,1
8429,0
8430,1
8431,1
8432,1
8433,1
8434,1
8435,0
8436,1
8437,0
8438,1
8439,0
8440,1
8441,0
8442,0
8443,1
8444,1
8445,0
8446,1
8447,1
8448,0
8449,0
8450,1
8451,1
8452,0
8453,1
8454,0
8455,1
8456,1
8457,1
8458,1
8459,0
8460,1
8461,1
8462,0
8463,1
8464,1
8465,0
8466,1
8467,1
8468,1
8469,0
8470,1
8471,0
8472,0
8473,1
8474,1
8475,0
8476,1
8477,0
8478,0
8479,0
8480,1
8481,1
8482,1
8483,1
8484,1
8485,0
8486,0
8487,1
8488,0
8489,1
8490,1
8491,1
8492,0
8493,0
8494,1
8495,1
8496,1
8497,0
8498,1
8499,1
8500,1
8501,0
8502,0
8503,0
8504,1
8505,1
8506,1
8507,1
8508,0
8509,1
8510,0
8511,1
8512,1
8513,0
8514,1
8515,1
8516,0
8517,1
8518,0
8519,0
8520,1
8521,1
8522,1
8523,0
8524,1
8525,0
8526,0
8527,1
8528,0
8529,0
8530,0
8531,0
8532,0
8533,0
8534,0
8535,0
8536,1
8537,1
8538,1
8539,0
8540,1
8541,1
8542,1
8543,0
8544,1
8545,1
8546,0
8547,1
8548,1
8549,1
8550,0
8551,1
8552,1
8553,1
8554,0
8555,1
8556,1
8557,0
8558,1
8559,0
8560,1
8561,1
8562,1
8563,0
8564,0
8565,1
8566,0
8567,1
8568,1
8569,1
8570,1
8571,1
8572,0
8573,0
8574,1
8575,0
8576,0
8577,0
8578,1
8579,1
8580,1
8581,0
8582,1
8583,1
8584,1
8585,0
8586,0
8587,1
8588,0
8589,1
8590,0
8591,1
8592,1
8593,1
8594,0
8595,0
8596,0
8597,1
8598,1
8599,0
8600,0
8601,0
8602,1
8603,0
8604,1
8605,1
8606,1
8607,1
8608,1
8609,1
8610,0
8611,1
8612,1
8613,1
8614,1
8615,0
8616,0
8617,1
8618,1
8619,0
8620,1
8621,1
8622,1
8623,1
8624,1
8625,0
8626,0
8627,0
8628,0
8629,0
8630,1
8631,1
8632,1
8633,0
8634,1
8635,0
8636,1
8637,0
8638,0
8639,1
8640,1
8641,1
8642,1
8643,0
8644,1
8645,1
8646,1
8647,0
8648,0
8649,1
8650,1
8651,1
8652,1
8653,0
8654,1
8655,1
8656,0
8657,1
8658,1
8659,1
8660,0
8661,0
8662,0
8663,1
8664,1
8665,1
8666,1
8667,0
8668,0
8669,0
8670,1
8671,0
8672,1
8673,0
8674,1
8675,0
8676,1
8677,1
8678,0
8679,0
8680,0
8681,1
8682,0
8683,0
8684,0
8685,1
8686,0
8687,0
8688,1
8689,0
8690,1
8691,1
8692,0
8693,0
8694,0
8695,1
8696,1
8697,0
8698,1
8699,1
8700,0
8701,1
8702,0
8703,0
8704,0
8705,1
8706,0
8707,0
8708,1
8709,1
8710,1
8711,0
8712,0
8713,0
8714,1
8715,0
8716,1
8717,1
8718,0
8719,0
8720,1
8721,0
8722,1
8723,0
8724,1
8725,1
8726,0
8727,0
8728,1
8729,1
8730,0
8731,0
8732,0
8733,1
8734,0
8735,1
8736,0
8737,0
8738,0
8739,0
8740,1
8741,0
8742,1
8743,0
8744,0
8745,0
8746,1
8747,1
8748,0
8749,1
8750,1
8751,0
8752,1
8753,0
8754,1
8755,1
8756,1
8757,1
8758,1
8759,0
8760,0
8761,1
8762,0
8763,1
8764,1
8765,1
8766,1
8767,1
8768,1
8769,1
8770,1
8771,0
8772,0
8773,0
8774,1
8775,1
8776,0
8777,0
8778,0
8779,0
8780,1
8781,1
8782,0
8783,0
8784,1
8785,1
8786,1
8787,0
8788,1
8789,1
8790,1
8791,1
8792,1
8793,0
8794,0
8795,1
8796,0
8797,1
8798,1
8799,0
8800,1
8801,0
8802,0
8803,0
8804,1
8805,1
8806,0
8807,0
8808,1
8809,0
8810,1
8811,1
8812,0
8813,1
8814,1
8815,1
8816,1
8817,1
8818,1
8819,1
8820,0
8821,1
8822,1
8823,0
8824,1
8825,1
8826,0
8827,0
8828,1
8829,1
8830,1
8831,0
8832,1
8833,0
8834,0
8835,0
8836,1
8837,1
8838,0
8839,1
8840,1
8841,1
8842,0
8843,0
8844,1
8845,0
8846,0
8847,0
8848,0
8849,1
8850,1
8851,1
8852,1
8853,1
8854,1
8855,0
8856,1
8857,1
8858,1
8859,1
8860,1
8861,0
8862,1
8863,1
8864,1
8865,1
8866,1
8867,1
8868,1
8869,1
8870,0
8871,1
8872,1
8873,0
8874,1
8875,0
8876,0
8877,0
8878,0
8879,0
8880,0
8881,0
8882,0
8883,1
8884,0
8885,0
8886,0
8887,0
8888,1
8889,1
8890,1
8891,1
8892,0
8893,0
8894,1
8895,1
8896,0
8897,1
8898,1
8899,1
8900,1
8901,1
8902,0
8903,1
8904,0
8905,0
8906,0
8907,1
8908,1
8909,1
8910,1
8911,0
8912,1
8913,1
8914,0
8915,1
8916,0
8917,0
8918,0
8919,0
8920,1
8921,1
8922,0
8923,1
8924,0
8925,1
8926,1
8927,1
8928,1
8929,1
8930,1
8931,1
8932,1
8933,0
8934,1
8935,0
8936,1
8937,1
8938,0
8939,1
8940,1
8941,0
8942,1
8943,1
8944,1
8945,1
8946,1
8947,1
8948,1
8949,0
8950,0
8951,1
8952,1
8953,0
8954,1
8955,1
8956,0
8957,1
8958,0
8959,0
8960,0
8961,1
8962,0
8963,1
8964,0
8965,1
8966,0
8967,1
8968,1
8969,0
8970,0
8971,1
8972,0
8973,0
8974,1
8975,1
8976,0
8977,1
8978,0
8979,0
8980,1
8981,1
8982,1
8983,0
8984,1
8985,1
8986,1
8987,1
8988,0
8989,1
8990,1
8991,1
8992,0
8993,0
8994,1
8995,1
8996,1
8997,0
8998,1
8999,1
9000,1
9001,1
9002,1
9003,1
9004,0
9005,0
9006,0
9007,0
9008,0
9009,1
9010,1
9011,0
9012,0
9013,0
9014,0
9015,0
9016,0
9017,1
9018,1
9019,0
9020,0
9021,1
9022,0
9023,0
9024,1
9025,1
9026,1
9027,0
9028,0
9029,0
9030,1
9031,0
9032,1
9033,0
9034,1
9035,1
9036,1
9037,1
9038,1
9039,0
9040,0
9041,1
9042,0
9043,0
9044,0
9045,1
9046,1
9047,0
9048,0
9049,0
9050,1
9051,0
9052,0
9053,0
9054,1
9055,0
9056,1
9057,1
9058,0
9059,1
9060,1
9061,1
9062,0
9063,0
9064,0
9065,1
9066,0
9067,1
9068,0
9069,0
9070,1
9071,0
9072,1
9073,1
9074,1
9075,0
9076,0
9077,0
9078,1
9079,0
9080,1
9081,0
9082,0
9083,0
9084,0
9085,1
9086,1
9087,0
9088,1
9089,0
9090,1
9091,0
9092,1
9093,0
9094,0
9095,1
9096,1
9097,0
9098,0
9099,1
9100,1
9101,1
9102,1
9103,1
9104,0
9105,1
9106,1
9107,0
9108,0
9109,1
9110,1
9111,1
9112,0
9113,1
9114,1
9115,1
9116,1
9117,1
9118,1
9119,0
9120,1
9121,0
9122,0
9123,0
9124,0
9125,0
9126,0
9127,0
9128,0
9129,1
9130,0
9131,1
9132,1
9133,0
9134,0
9135,1
9136,0
9137,1
9138,1
9139,0
9140,0
9141,1
9142,1
9143,1
9144,1
9145,1
9146,0
9147,0
9148,0
9149,1
9150,0
9151,1
9152,1
9153,1
9154,1
9155,0
9156,1
9157,1
9158,0
9159,0
9160,1
9161,0
9162,0
9163,0
9164,1
9165,0
9166,1
9167,1
9168,1
9169,1
9170,1
9171,1
9172,0
9173,0
9174,1
9175,1
9176,1
9177,1
9178,1
9179,1
9180,0
9181,0
9182,1
9183,1
9184,1
9185,1
9186,0
9187,0
9188,0
9189,0
9190,0
9191,0
9192,1
9193,0
9194,0
9195,1
9196,1
9197,0
9198,1
9199,1
9200,1
9201,0
9202,1
9203,1
9204,1
9205,0
9206,0
9207,0
9208,1
9209,0
9210,0
9211,0
9212,0
9213,0
9214,1
9215,1
9216,1
9217,1
9218,1
9219,0
9220,1
9221,0
9222,1
9223,0
9224,1
9225,1
9226,0
9227,1
9228,1
9229,1
9230,1
9231,1
9232,0
9233,1
9234,1
9235,0
9236,1
9237,0
9238,0
9239,0
9240,0
9241,1
9242,1
9243,1
9244,0
9245,0
9246,1
9247,0
9248,1
9249,0
9250,1
9251,0
9252,0
9253,0
9254,1
9255,0
9256,1
9257,1
9258,0
9259,0
9260,1
9261,1
9262,0
9263,1
9264,0
9265,1
9266,1
9267,0
9268,1
9269,1
9270,1
9271,0
9272,0
9273,0
9274,1
9275,1
9276,0
9277,1
9278,0
9279,1
9280,1
9281,1
9282,0
9283,0
9284,1
9285,0
9286,0
9287,0
9288,1
9289,0
9290,1
9291,1
9292,0
9293,1
9294,1
9295,1
9296,0
9297,0
9298,0
9299,0
9300,1
9301,1
9302,1
9303,1
9304,0
9305,0
9306,1
9307,1
9308,1
9309,1
9310,1
9311,1
9312,1
9313,0
9314,1
9315,0
9316,1
9317,1
9318,1
9319,0
9320,1
9321,0
9322,1
9323,0
9324,0
9325,0
9326,1
9327,0
9328,0
9329,0
9330,1
9331,0
9332,1
9333,1
9334,0
9335,1
9336,1
9337,0
9338,1
9339,1
9340,1
9341,1
9342,1
9343,0
9344,1
9345,1
9346,0
9347,1
9348,1
9349,0
9350,1
9351,1
9352,0
9353,0
9354,1
9355,0
9356,0
9357,0
9358,0
9359,0
9360,1
9361,1
9362,1
9363,0
9364,1
9365,0
9366,0
9367,1
9368,1
9369,1
9370,0
9371,1
9372,0
9373,0
9374,1
9375,0
9376,1
9377,1
9378,0
9379,0
9380,1
9381,1
9382,0
9383,1
9384,0
9385,1
9386,1
9387,1
9388,0
9389,1
9390,1
9391,1
9392,1
9393,0
9394,1
9395,1
9396,0
9397,0
9398,1
9399,1
9400,1
9401,0
9402,1
9403,1
9404,0
9405,1
9406,1
9407,1
9408,1
9409,0
9410,0
9411,0
9412,1
9413,0
9414,1
9415,1
9416,1
9417,1
9418,0
9419,1
9420,1
9421,0
9422,1
9423,1
9424,0
9425,0
9426,0
9427,1
9428,1
9429,1
9430,1
9431,1
9432,1
9433,1
9434,0
9435,0
9436,1
9437,1
9438,0
9439,1
9440,1
9441,1
9442,0
9443,0
9444,0
9445,1
9446,0
9447,0
9448,0
9449,0
9450,0
9451,0
9452,1
9453,0
9454,1
9455,1
9456,1
9457,1
9458,0
9459,1
9460,1
9461,0
9462,1
9463,1
9464,0
9465,0
9466,1
9467,0
9468,0
9469,1
9470,0
9471,1
9472,1
9473,0
9474,1
9475,1
9476,0
9477,0
9478,0
9479,1
9480,1
9481,1
9482,1
9483,1
9484,1
9485,1
9486,1
9487,1
9488,1
9489,1
9490,1
9491,0
9492,1
9493,1
9494,1
9495,0
9496,1
9497,0
9498,0
9499,0
9500,1
9501,1
9502,1
9503,1
9504,1
9505,1
